{
  "bezier": {
    "start point": [
      0.0,
      0.0,
      0.0
    ],
    "control two": [
      217.4505460713429,
      91.48777803740259,
      -50.0
    ],
    "end point": [
      209.9106759079403,
      -158.38172164826523,
      100.0
    ],
    "control one": [
      266.62676624257705,
      -50.0,
      50.0
    ],
    "number of points": [
      20.0
    ]
  }
}