{
  "bezier": {
    "start point": [
      81.47298986179527,
      -120.88502227861773,
      -62.8374342148945
    ],
    "control two": [
      217.4505460713429,
      -104.48303570758993,
      -50.0
    ],
    "end point": [
      209.9106759079403,
      -158.38172164826523,
      252.46293019472418
    ],
    "control one": [
      266.62676624257705,
      225.756919642491,
      50.0
    ],
    "number of points": [
      20.0
    ]
  }
}