{
  "bezier": {
    "start point": [
      248.3675862157295,
      6.180370841043782,
      4.038617267419367
    ],
    "control two": [
      171.32306502739146,
      234.89103174408186,
      51.25720088596917
    ],
    "end point": [
      123.68262317745027,
      175.6434773944242,
      90.9880776911707
    ],
    "control one": [
      381.18647347408603,
      223.17294933605655,
      83.1614145674431
    ],
    "number of points": [
      10.0
    ]
  }
}