{
  "bezier": {
    "start point": [
      327.5151902876147,
      130.8439291709562,
      10.85989024460094
    ],
    "control two": [
      42.19808018981948,
      384.7466497381554,
      397.18880646673006
    ],
    "end point": [
      96.53919867311049,
      275.23815323834737,
      350.51925615739793
    ],
    "control one": [
      313.6265552387038,
      262.87358477216344,
      68.72696660214194
    ],
    "number of points": [
      10.0
    ]
  }
}