{
  "bezier": {
    "start point": [
      248.3675862157295,
      6.180370841043782,
      4.038617267419367
    ],
    "control two": [
      88.32805963137959,
      137.10724919801464,
      -28.157932372910196
    ],
    "end point": [
      0.0,
      130.03466940005603,
      45.183043494392535
    ],
    "control one": [
      271.7778823458722,
      274.9606942891604,
      37.35638037066495
    ],
    "number of points": [
      10.0
    ]
  }
}