{
  "bezier": {
    "start point": [
      81.47298986179527,
      6.180370841043782,
      60.076268398902414
    ],
    "control two": [
      0.0,
      0.0,
      0.0
    ],
    "end point": [
      0.0,
      0.0,
      0.0
    ],
    "control one": [
      0.0,
      0.0,
      0.0
    ],
    "number of points": [
      20.0
    ]
  }
}