{
  "bezier": {
    "start point": [
      81.47298986179527,
      219.67097778228907,
      118.77761667535046
    ],
    "control two": [
      217.4505460713429,
      -148.47711696712133,
      -50.0
    ],
    "end point": [
      209.9106759079403,
      -158.38172164826523,
      100.0
    ],
    "control one": [
      266.62676624257705,
      128.4471795072291,
      50.0
    ],
    "number of points": [
      20.0
    ]
  }
}