{
  "bezier": {
    "start point": [
      327.5151902876147,
      130.8439291709562,
      10.85989024460094
    ],
    "control two": [
      5.895986780670199,
      222.93203169975118,
      260.8678035279674
    ],
    "end point": [
      96.53919867311049,
      175.6434773944242,
      302.0764404115148
    ],
    "control one": [
      313.6265552387038,
      262.87358477216344,
      68.72696660214194
    ],
    "number of points": [
      10.0
    ]
  }
}