{
  "bezier": {
    "start point": [
      327.5151902876147,
      130.8439291709562,
      10.85989024460094
    ],
    "control two": [
      110.88084305583715,
      249.1946041429977,
      -39.702637826434525
    ],
    "end point": [
      38.5317725414223,
      117.85878295473336,
      22.845323227377982
    ],
    "control one": [
      313.6265552387038,
      262.87358477216344,
      68.72696660214194
    ],
    "number of points": [
      10.0
    ]
  }
}