{
  "bezier": {
    "start point": [
      327.5151902876147,
      130.8439291709562,
      10.85989024460094
    ],
    "control two": [
      200.37279524918392,
      374.1291555233113,
      64.40399651444596
    ],
    "end point": [
      115.83215664991961,
      264.62065902350326,
      230.38031705193833
    ],
    "control one": [
      313.6265552387038,
      262.87358477216344,
      68.72696660214194
    ],
    "number of points": [
      10.0
    ]
  }
}