{
  "bezier": {
    "start point": [
      327.5151902876147,
      130.8439291709562,
      10.85989024460094
    ],
    "control two": [
      65.98603069258095,
      463.6752429317764,
      393.14306718648095
    ],
    "end point": [
      96.53919867311049,
      275.23815323834737,
      350.51925615739793
    ],
    "control one": [
      313.6265552387038,
      262.87358477216344,
      68.72696660214194
    ],
    "number of points": [
      10.0
    ]
  }
}