{
  "bezier": {
    "start point": [
      81.47298986179527,
      -120.88502227861773,
      60.076268398902414
    ],
    "control two": [
      411.78315894357195,
      -104.48303570758993,
      139.43695770468642
    ],
    "end point": [
      209.9106759079403,
      -158.38172164826523,
      252.46293019472418
    ],
    "control one": [
      266.62676624257705,
      -31.92227322738856,
      17.364669493439294
    ],
    "number of points": [
      20.0
    ]
  }
}