{
  "bezier": {
    "start point": [
      243.7923779801684,
      6.180370841043782,
      60.076268398902414
    ],
    "control two": [
      251.0413925177127,
      0.0,
      0.0
    ],
    "end point": [
      0.0,
      328.6163983797186,
      0.0
    ],
    "control one": [
      0.0,
      0.0,
      237.73151391253103
    ],
    "number of points": [
      20.0
    ]
  }
}