{
  "bezier": {
    "start point": [
      248.3675862157295,
      6.180370841043782,
      4.038617267419367
    ],
    "control two": [
      88.32805963137959,
      102.66438086212683,
      -28.157932372910196
    ],
    "end point": [
      0.0,
      130.03466940005603,
      -22.97354058325833
    ],
    "control one": [
      271.7778823458722,
      274.9606942891604,
      -30.80020370698591
    ],
    "number of points": [
      15.0
    ]
  }
}