{
  "bezier": {
    "start point": [
      248.3675862157295,
      6.180370841043782,
      4.038617267419367
    ],
    "control two": [
      88.32805963137959,
      137.10724919801464,
      35.202952393806406
    ],
    "end point": [
      0.0,
      133.51193358363628,
      45.183043494392535
    ],
    "control one": [
      271.7778823458722,
      278.43795847274066,
      37.35638037066495
    ],
    "number of points": [
      10.0
    ]
  }
}