{
  "bezier": {
    "start point": [
      269.7448910990788,
      100.0,
      100.0
    ],
    "control two": [
      217.4505460713429,
      -72.85458045729632,
      -50.0
    ],
    "end point": [
      209.9106759079403,
      -158.38172164826523,
      100.0
    ],
    "control one": [
      261.85263044152987,
      -50.0,
      50.0
    ],
    "number of points": [
      20.0
    ]
  }
}