{
  "bezier": {
    "start point": [
      243.7923779801684,
      6.180370841043782,
      60.076268398902414
    ],
    "control two": [
      88.32805963137959,
      102.2557340700909,
      0.0
    ],
    "end point": [
      0.0,
      127.8186802072691,
      0.0
    ],
    "control one": [
      271.7778823458722,
      274.9606942891604,
      237.73151391253103
    ],
    "number of points": [
      20.0
    ]
  }
}