{
  "bezier": {
    "start point": [
      0.0,
      0.0,
      0.0
    ],
    "control two": [
      5.491974044354251,
      50.0,
      -50.0
    ],
    "end point": [
      100.0,
      100.0,
      100.0
    ],
    "control one": [
      261.85263044152987,
      -50.0,
      50.0
    ],
    "number of points": [
      20.0
    ]
  }
}