{
  "bezier": {
    "start point": [
      327.5151902876147,
      130.8439291709562,
      10.85989024460094
    ],
    "control two": [
      -44.27589589656576,
      249.1946041429977,
      90.99868153315072
    ],
    "end point": [
      38.5317725414223,
      117.85878295473336,
      69.77719351427817
    ],
    "control one": [
      313.6265552387038,
      262.87358477216344,
      68.72696660214194
    ],
    "number of points": [
      10.0
    ]
  }
}