{
  "bezier": {
    "start point": [
      342.215569867055,
      6.180370841043782,
      60.076268398902414
    ],
    "control two": [
      88.32805963137959,
      102.66438086212683,
      -28.157932372910196
    ],
    "end point": [
      0.0,
      127.8186802072691,
      0.0
    ],
    "control one": [
      271.7778823458722,
      274.9606942891604,
      237.73151391253103
    ],
    "number of points": [
      10.0
    ]
  }
}