{
  "bezier": {
    "start point": [
      327.5151902876147,
      130.8439291709562,
      10.85989024460094
    ],
    "control two": [
      423.1210662824483,
      363.4899816314996,
      391.5181511667713
    ],
    "end point": [
      467.56966204397895,
      253.98148513169156,
      420.74649346545266
    ],
    "control one": [
      313.6265552387038,
      262.87358477216344,
      68.72696660214194
    ],
    "number of points": [
      10.0
    ]
  }
}