{
  "bezier": {
    "start point": [
      123.68262317745027,
      175.6434773944242,
      90.9880776911707
    ],
    "control two": [
      -21.820063384116274,
      -41.83344617573887,
      56.30279956127913
    ],
    "end point": [
      115.0661686601286,
      -179.31458648558925,
      412.114029430731
    ],
    "control one": [
      -4.560516528699651,
      -7.624436141057458,
      206.25868348981362
    ],
    "number of points": [
      20.0
    ]
  }
}