{
  "bezier": {
    "start point": [
      0.0,
      151.77029197480277,
      0.0
    ],
    "control two": [
      0.0,
      -247.4172677158997,
      73.87883864650422
    ],
    "end point": [
      81.47298986179527,
      -120.88502227861773,
      118.77761667535046
    ],
    "control one": [
      -82.98113335205637,
      0.0,
      195.92191828144647
    ],
    "number of points": [
      20.0
    ]
  }
}