{
  "bezier": {
    "start point": [
      467.56966204397895,
      253.98148513169156,
      420.74649346545266
    ],
    "control two": [
      -285.0403191483796,
      239.3100822906989,
      642.6941407827903
    ],
    "end point": [
      -13.210883222846775,
      -112.08814781073848,
      763.9055692000908
    ],
    "control one": [
      556.6964079234062,
      34.39893652790062,
      479.354127562773
    ],
    "number of points": [
      20.0
    ]
  }
}