{
  "bezier": {
    "start point": [
      0.0,
      66.42952769729115,
      0.0
    ],
    "control two": [
      0.0,
      14.049859562915367,
      0.0
    ],
    "end point": [
      81.47298986179527,
      87.26821801776941,
      118.77761667535046
    ],
    "control one": [
      0.0,
      0.0,
      195.92191828144647
    ],
    "number of points": [
      20.0
    ]
  }
}