{
  "bezier": {
    "start point": [
      96.53919867311049,
      275.23815323834737,
      350.51925615739793
    ],
    "control two": [
      -138.56721822443848,
      -414.6566619538348,
      425.329375891406
    ],
    "end point": [
      345.2680324220158,
      -398.23519530148474,
      546.5408043087065
    ],
    "control one": [
      109.62250438531504,
      108.1895967301232,
      489.02669297150976
    ],
    "number of points": [
      20.0
    ]
  }
}