{
  "bezier": {
    "start point": [
      38.5317725414223,
      117.85878295473336,
      69.77719351427817
    ],
    "control two": [
      -126.9263080289974,
      239.3100822906989,
      356.68047266655765
    ],
    "end point": [
      144.9031278965354,
      -112.08814781073848,
      303.73395872560843
    ],
    "control one": [
      208.19172987768556,
      -151.22776711774705,
      26.297684673980527
    ],
    "number of points": [
      20.0
    ]
  }
}