{
  "bezier": {
    "start point": [
      0.0,
      130.03466940005603,
      45.183043494392535
    ],
    "control two": [
      -145.50268656156655,
      -148.69369453290534,
      -112.17831489714335
    ],
    "end point": [
      45.27527496406225,
      -52.41109173734908,
      293.94337283069797
    ],
    "control one": [
      -170.7609040890333,
      98.73294639877238,
      161.46714580302722
    ],
    "number of points": [
      20.0
    ]
  }
}