{
  "bezier": {
    "start point": [
      0.0,
      130.03466940005603,
      45.183043494392535
    ],
    "control two": [
      -145.50268656156655,
      -95.37231307841085,
      -4.938011014326634
    ],
    "end point": [
      45.27527496406225,
      -52.41109173734908,
      305.79001007321955
    ],
    "control one": [
      -170.7609040890333,
      98.73294639877238,
      173.31378304554877
    ],
    "number of points": [
      20.0
    ]
  }
}