{
  "bezier": {
    "start point": [
      38.5317725414223,
      117.85878295473336,
      22.845323227377982
    ],
    "control two": [
      -126.9263080289974,
      239.3100822906989,
      356.68047266655765
    ],
    "end point": [
      144.9031278965354,
      -112.08814781073848,
      303.73395872560843
    ],
    "control one": [
      -104.44274699616278,
      -141.68395614272364,
      146.4511223916212
    ],
    "number of points": [
      20.0
    ]
  }
}