{
  "bezier": {
    "start point": [
      38.5317725414223,
      117.85878295473336,
      69.77719351427817
    ],
    "control two": [
      -8.480119633778997,
      440.3649725243765,
      377.7602404162871
    ],
    "end point": [
      144.9031278965354,
      -112.08814781073848,
      303.73395872560843
    ],
    "control one": [
      90.42238381494442,
      192.90386983359454,
      182.52276692053363
    ],
    "number of points": [
      15.0
    ]
  }
}