{
  "bezier": {
    "start point": [
      0.0,
      0.0,
      0.0
    ],
    "control two": [
      0.0,
      178.04545855622345,
      -50.0
    ],
    "end point": [
      269.7448910990788,
      100.0,
      100.0
    ],
    "control one": [
      50.0,
      -176.89756832417527,
      50.0
    ],
    "number of points": [
      20.0
    ]
  }
}