{
  "bezier": {
    "start point": [
      215.82683166114126,
      308.6943246755139,
      0.0
    ],
    "control two": [
      0.0,
      0.0,
      0.0
    ],
    "end point": [
      0.0,
      0.0,
      0.0
    ],
    "control one": [
      0.0,
      0.0,
      0.0
    ],
    "number of points": [
      20.0
    ]
  }
}