{
  "bezier": {
    "start point": [
      0.0,
      133.51193358363628,
      45.183043494392535
    ],
    "control two": [
      -145.50268656156655,
      -91.89504889483061,
      -16.7859813365582
    ],
    "end point": [
      -390.5030642427846,
      -52.41109173734908,
      305.79001007321955
    ],
    "control one": [
      -606.5392432958802,
      119.27905860718272,
      99.93466413230213
    ],
    "number of points": [
      20.0
    ]
  }
}