{
  "bezier": {
    "start point": [
      0.0,
      127.8186802072691,
      0.0
    ],
    "control two": [
      -145.50268656156655,
      -148.69369453290534,
      -180.3348989747942
    ],
    "end point": [
      36.21150651452132,
      -188.24695013747282,
      60.076268398902414
    ],
    "control one": [
      -286.77029603184974,
      174.136026113078,
      195.92191828144647
    ],
    "number of points": [
      20.0
    ]
  }
}