{
  "bezier": {
    "start point": [
      0.0,
      0.0,
      0.0
    ],
    "control two": [
      0.0,
      0.0,
      0.0
    ],
    "end point": [
      36.21150651452132,
      -188.24695013747282,
      60.076268398902414
    ],
    "control one": [
      -286.77029603184974,
      174.136026113078,
      13.267277469326558
    ],
    "number of points": [
      20.0
    ]
  }
}