{
  "bezier": {
    "start point": [
      115.83215664991961,
      264.62065902350326,
      230.38031705193833
    ],
    "control two": [
      -285.0403191483796,
      239.3100822906989,
      -73.6377548034564
    ],
    "end point": [
      -13.210883222846775,
      -112.08814781073848,
      47.57367361384404
    ],
    "control one": [
      19.956829390225337,
      140.42993709858575,
      418.6097214254047
    ],
    "number of points": [
      20.0
    ]
  }
}