{
  "bezier": {
    "start point": [
      0.0,
      130.03466940005603,
      -22.97354058325833
    ],
    "control two": [
      -145.50268656156655,
      -148.69369453290534,
      -180.3348989747942
    ],
    "end point": [
      -88.00687723079103,
      -38.54926996352813,
      229.52170085081616
    ],
    "control one": [
      -286.77029603184974,
      174.136026113078,
      13.267277469326558
    ],
    "number of points": [
      15.0
    ]
  }
}