{
  "bezier": {
    "start point": [
      -235.51199022445718,
      95.1073617370487,
      0.0
    ],
    "control two": [
      -145.50268656156655,
      -148.69369453290534,
      -180.3348989747942
    ],
    "end point": [
      243.7923779801684,
      6.180370841043782,
      60.076268398902414
    ],
    "control one": [
      -82.98113335205637,
      -104.0391124573177,
      195.92191828144647
    ],
    "number of points": [
      20.0
    ]
  }
}