{
  "bezier": {
    "start point": [
      96.53919867311049,
      175.6434773944242,
      302.0764404115148
    ],
    "control two": [
      26.7881412126602,
      -455.09097493847315,
      247.95150865376047
    ],
    "end point": [
      345.2680324220158,
      -179.31458648558925,
      546.5408043087065
    ],
    "control one": [
      124.09627419258345,
      24.910683235510128,
      363.73129597673153
    ],
    "number of points": [
      20.0
    ]
  }
}