{
  "bezier": {
    "start point": [
      0.0,
      151.77029197480277,
      0.0
    ],
    "control two": [
      -145.50268656156655,
      -247.4172677158997,
      -180.3348989747942
    ],
    "end point": [
      81.47298986179527,
      -120.88502227861773,
      -62.8374342148945
    ],
    "control one": [
      -82.98113335205637,
      0.0,
      195.92191828144647
    ],
    "number of points": [
      20.0
    ]
  }
}